{"intValue":2,"intPrivateSerialize":1,"intIgnore":3,"intArray":[9],"intList":[6,5],"floatValue":6.05778169631958,"boolValue":false,"charValue":55,"stringValue":"4","vector2Value":{"x":6.494419097900391,"y":9.88992977142334},"vector3Value":{"x":8.800567626953125,"y":8.17361068725586,"z":8.36538028717041},"vector4Value":{"x":8.546590805053711,"y":6.183712005615234,"z":8.485535621643067,"w":8.02493953704834},"quaternionValue":{"x":7.118207931518555,"y":9.277576446533204,"z":8.284369468688965,"w":4.192107200622559},"matrixValue":{"e00":7.505688190460205,"e01":8.576630592346192,"e02":2.5680031776428224,"e03":8.59223747253418,"e10":6.689371109008789,"e11":7.125646114349365,"e12":9.843050003051758,"e13":2.4046106338500978,"e20":6.336182117462158,"e21":8.74057388305664,"e22":5.422641277313232,"e23":6.878555774688721,"e30":2.095921516418457,"e31":6.222257137298584,"e32":7.1511688232421879,"e33":1.6449189186096192},"transformValue":{"instanceID":39614},"enumValue":2,"structValue":{"intValue":3},"classValue":{"intValue":3},"structArray":[{"intValue":2},{"intValue":5},{"intValue":6},{"intValue":4}],"classList":[{"intValue":3}]}