{"intValue":9,"intPrivateSerialize":2,"intIgnore":6,"intArray":[1,3,9,8],"intList":[8,7],"floatValue":6.348706245422363,"boolValue":false,"charValue":54,"stringValue":"5","vector2Value":{"x":3.224755048751831,"y":6.526045322418213},"vector3Value":{"x":1.0471038818359376,"y":4.864904880523682,"z":2.920894145965576},"vector4Value":{"x":6.137876033782959,"y":9.15579891204834,"z":8.072247505187989,"w":2.326484203338623},"quaternionValue":{"x":2.7505908012390138,"y":9.49267864227295,"z":8.887372970581055,"w":2.806209087371826},"matrixValue":{"e00":5.138800621032715,"e01":9.126874923706055,"e02":2.9886326789855959,"e03":3.8736259937286379,"e10":6.947091579437256,"e11":2.3131816387176515,"e12":7.297088623046875,"e13":2.82003116607666,"e20":4.868005275726318,"e21":5.45890474319458,"e22":4.314208030700684,"e23":1.253235936164856,"e30":3.9826834201812746,"e31":9.960182189941407,"e32":5.511653423309326,"e33":6.835648059844971},"transformValue":{"instanceID":11456},"enumValue":-1,"structValue":{"intValue":9},"classValue":{"intValue":3},"structArray":[{"intValue":4},{"intValue":9}],"classList":[{"intValue":7}]}